{"Cheilosia_morio_gbif_1952393467_media_407614.jpg138367": {"filename": "Cheilosia_morio_gbif_1952393467_media_407614.jpg", "size": 138367, "regions": [{"shape_attributes": {"name": "rect", "x": 24.10559999999998, "y": 43.29933299999999, "width": 653.8608, "height": 477.5888340000001}, "region_attributes": {"label_id": "2", "confidence": 0.534375}}]}, "Cheilosia_morio_gbif_1954650862_media_408643.jpg50728": {"filename": "Cheilosia_morio_gbif_1954650862_media_408643.jpg", "size": 50728, "regions": [{"shape_attributes": {"name": "rect", "x": -0.0004000000000132786, "y": 86.01146399999999, "width": 786.364, "height": 457.61707199999995}, "region_attributes": {"label_id": "2", "confidence": 0.591875}}]}, "Cheilosia_morio_gbif_1952313086_media_211512.jpg32222": {"filename": "Cheilosia_morio_gbif_1952313086_media_211512.jpg", "size": 32222, "regions": [{"shape_attributes": {"name": "rect", "x": 89.2775, "y": 193.94039999999995, "width": 132.58375, "height": 545.7032}, "region_attributes": {"label_id": "2", "confidence": 0.520638}}, {"shape_attributes": {"name": "rect", "x": 93.275, "y": 109.13240000000002, "width": 123.25625000000002, "height": 679.2968000000001}, "region_attributes": {"label_id": "2", "confidence": 0.520638}}]}, "Cheilosia_morio_gbif_1952343590_media_15517.jpg27638": {"filename": "Cheilosia_morio_gbif_1952343590_media_15517.jpg", "size": 27638, "regions": [{"shape_attributes": {"name": "rect", "x": 124.578, "y": -35.92020249999999, "width": 319.70000000000005, "height": 382.312905}, "region_attributes": {"label_id": "2", "confidence": 0.294375}}]}}